Date,A,B,C,D,E,F,G,H,I,J,K,L,M,
2022/2/25,"3,180,767","128,405,314",40.5,40.7,40.3,40.3,-0.2,"2,544",40.4,40.8,40.5,40.1,40
2022/2/24,"3,834,805","155,712,210",40.8,40.85,40.35,40.5,-0.55,"3,048",40.55,41.05,40.75,40.25,40.05
2022/2/23,"2,614,860","107,013,661",40.9,41.05,40.8,41.05,0.1,"1,741",40.9875,41.2375,41.175,40.925,40.7375
2022/2/22,"4,051,651","165,324,744",40.95,41,40.6,40.95,0.35,"2,637",40.875,41.275,41.15,40.75,40.475
2022/2/21,"1,290,873","52,322,289",40.4,40.7,40.3,40.6,0.2,993,40.55,40.95,40.8,40.4,40.15
2022/2/18,"1,631,785","65,887,255",40.4,40.5,40.25,40.4,0,"1,038",40.3875,40.6375,40.525,40.275,40.1375
2022/2/17,"2,872,607","116,386,815",40.6,40.7,40.4,40.4,0.1,"1,809",40.475,40.775,40.55,40.25,40.175
2022/2/16,"1,374,592","55,465,086",40.45,40.5,40.3,40.3,0.05,967,40.35,40.55,40.4,40.2,40.15
2022/2/15,"2,098,848","84,521,585",40.3,40.55,40.2,40.25,-0.05,"1,263",40.3125,40.6625,40.425,40.075,39.9625
2022/2/14,"1,433,884","57,782,962",40.4,40.4,40.2,40.3,-0.25,"1,095",40.3,40.5,40.4,40.2,40.1
2022/2/11,"2,144,155","86,964,334",40.6,40.65,40.5,40.55,-0.2,"1,537",40.5625,40.7125,40.625,40.475,40.4125
2022/2/10,"1,906,982","77,669,123",41,41,40.65,40.75,-0.3,"1,484",40.7875,41.1375,40.925,40.575,40.4375
2022/2/9,"6,661,424","271,541,596",40.8,41.05,40.5,41.05,-0.35,"3,736",40.9125,41.4625,41.325,40.775,40.3625
2022/2/8,"2,609,032","107,878,491",41.35,41.5,41.15,41.4,0.15,"1,737",41.3625,41.7125,41.575,41.225,41.0125
2022/2/7,"3,300,149","135,814,421",40.85,41.45,40.8,41.25,0.7,"2,076",41.1875,41.8375,41.575,40.925,40.5375
2022/1/26,"1,285,251","52,102,382",40.45,40.75,40.4,40.55,0.1,774,40.5625,40.9125,40.725,40.375,40.2125
2022/1/25,"2,366,597","95,398,957",40.55,40.55,40.2,40.45,-0.25,"1,376",40.4125,40.7625,40.625,40.275,40.0625
2022/1/24,"1,943,745","78,293,716",40.25,40.7,40.05,40.7,0.3,"1,746",40.5375,41.1875,41.025,40.375,39.8875
2022/1/21,"2,524,109","102,033,262",40.7,40.7,40.3,40.4,-0.4,"1,720",40.45,40.85,40.6,40.2,40.05
2022/1/20,"1,896,259","77,102,482",40.95,40.95,40.55,40.8,-0.15,"1,283",40.775,41.175,41,40.6,40.375
2022/1/19,"2,710,257","110,963,123",41.2,41.25,40.75,40.95,-0.25,"1,986",40.975,41.475,41.2,40.7,40.475
2022/1/18,"1,210,013","49,927,836",41.25,41.35,41.15,41.2,0,791,41.225,41.425,41.3,41.1,41.025
2022/1/17,"2,004,762","82,673,053",41.35,41.65,41.1,41.2,-0.25,"1,223",41.2875,41.8375,41.475,40.925,40.7375
2022/1/14,"3,901,720","161,971,974",41.6,41.9,41.2,41.45,-0.2,"2,028",41.5,42.2,41.8,41.1,40.8
2022/1/13,"4,807,073","199,875,638",41.2,41.9,41.2,41.65,0.5,"2,374",41.6,42.3,42,41.3,40.9
2022/1/12,"2,496,243","102,917,219",41.35,41.45,41.05,41.15,-0.1,"1,825",41.2,41.6,41.35,40.95,40.8
2022/1/11,"4,966,085","204,529,594",40.75,41.6,40.75,41.25,0.55,"2,764",41.2125,42.0625,41.675,40.825,40.3625
2022/1/10,"1,941,939","78,857,878",40.55,40.7,40.5,40.7,0.2,"1,231",40.65,40.85,40.8,40.6,40.45
2022/1/7,"2,301,865","93,525,321",40.7,40.85,40.5,40.5,0,"1,265",40.5875,40.9375,40.675,40.325,40.2375
2022/1/6,"1,774,724","71,898,452",40.5,40.7,40.35,40.5,-0.15,943,40.5125,40.8625,40.675,40.325,40.1625
2022/1/5,"1,627,312","65,960,992",40.45,40.7,40.4,40.65,0.2,969,40.6,40.9,40.8,40.5,40.3
2022/1/4,"1,442,304","58,263,723",40.45,40.45,40.35,40.45,0.1,"1,920",40.425,40.525,40.5,40.4,40.325
2022/1/3,"3,283,604","132,529,597",40.3,40.5,40.15,40.35,-0.2,"1,557",40.3375,40.6875,40.525,40.175,39.9875
2021/12/30,"3,094,800","125,886,627",40.85,40.9,40.55,40.55,-0.2,"1,599",40.6375,40.9875,40.725,40.375,40.2875
2021/12/29,"3,920,488","159,346,687",40.55,40.75,40.5,40.75,0.25,"1,820",40.6875,40.9375,40.875,40.625,40.4375
2021/12/28,"2,979,379","120,641,304",40.55,40.7,40.35,40.5,0,"1,603",40.5125,40.8625,40.675,40.325,40.1625
2021/12/27,"2,927,549","118,582,344",40.5,40.6,40.45,40.5,0.15,"1,586",40.5125,40.6625,40.575,40.425,40.3625
2021/12/24,"2,839,946","114,547,720",40.45,40.5,40.2,40.35,0,"1,619",40.35,40.65,40.5,40.2,40.05
2021/12/23,"12,692,144","510,746,432",39.95,40.5,39.85,40.35,0.6,"2,915",40.2625,40.9125,40.675,40.025,39.6125
2021/12/22,"11,341,599","450,886,746",39.9,39.95,39.7,39.75,-0.05,"3,500",39.7875,40.0375,39.875,39.625,39.5375
2021/12/21,"13,756,734","548,583,690",39.75,40.15,39.7,39.8,0.05,"4,534",39.8625,40.3125,40.025,39.575,39.4125
2021/12/20,"12,375,283","489,690,052",39.55,39.75,39.3,39.75,0.3,"3,444",39.6375,40.0875,39.975,39.525,39.1875
2021/12/17,"12,113,707","477,144,934",39.5,39.8,39.25,39.45,-0.05,"4,441",39.4875,40.0375,39.725,39.175,38.9375
2021/12/16,"3,974,874","156,676,901",39.55,39.55,39.3,39.5,0,"1,759",39.4625,39.7125,39.625,39.375,39.2125
2021/12/15,"3,489,360","137,554,550",39.55,39.6,39.35,39.5,-0.1,"2,156",39.4875,39.7375,39.625,39.375,39.2375
2021/12/14,"4,890,614","193,978,252",39.9,39.95,39.5,39.6,-0.3,"2,912",39.6625,40.1125,39.825,39.375,39.2125
2021/12/13,"3,688,559","147,343,937",40.05,40.15,39.85,39.9,-0.1,"2,106",39.95,40.25,40.05,39.75,39.65
2021/12/10,"5,543,950","221,638,462",40.1,40.15,39.9,40,-0.15,"2,497",40.0125,40.2625,40.125,39.875,39.7625
2021/12/9,"3,369,177","135,224,442",40.2,40.3,40.05,40.15,0.05,"1,518",40.1625,40.4125,40.275,40.025,39.9125
2021/12/8,"2,632,766","105,674,948",40.15,40.5,40.05,40.1,0.05,"1,312",40.1875,40.6375,40.325,39.875,39.7375
2021/12/7,"3,410,187","136,426,151",40.1,40.2,39.85,40.05,-0.05,"1,657",40.0375,40.3875,40.225,39.875,39.6875
2021/12/6,"4,343,134","174,070,758",40.1,40.25,39.9,40.1,-0.4,"2,155",40.0875,40.4375,40.275,39.925,39.7375
2021/12/3,"2,760,388","111,734,061",40.6,40.7,40.4,40.5,-0.05,"1,356",40.525,40.825,40.65,40.35,40.225
2021/12/2,"2,522,641","101,522,850",40.55,40.55,40.05,40.55,-0.05,"1,320",40.425,40.925,40.8,40.3,39.925
2021/12/1,"1,473,836","59,348,803",40.2,40.7,40.05,40.6,0.35,705,40.4875,41.1375,40.925,40.275,39.8375
2021/11/30,"3,250,460","131,122,922",40.4,40.45,40.2,40.25,-0.1,"1,403",40.2875,40.5375,40.375,40.125,40.0375
2021/11/29,"2,406,634","97,251,097",40.65,40.8,40.15,40.35,-0.45,"1,522",40.4125,41.0625,40.675,40.025,39.7625
2021/11/26,"2,059,555","84,028,698",41.05,41.1,40.65,40.8,-0.15,"1,146",40.8375,41.2875,41.025,40.575,40.3875
2021/11/25,"1,552,286","63,589,471",41.05,41.25,40.85,40.95,-0.1,791,41,41.4,41.15,40.75,40.6
2021/11/24,"2,429,251","99,779,958",40.9,41.5,40.9,41.05,0.1,963,41.125,41.725,41.35,40.75,40.525
2021/11/23,"3,168,390","129,948,244",41.25,41.3,40.9,40.95,-0.3,"1,169",41.025,41.425,41.15,40.75,40.625
2021/11/22,"2,291,403","94,286,300",41.45,41.45,41,41.25,-0.2,"1,367",41.2375,41.6875,41.475,41.025,40.7875
2021/11/19,"1,936,882","80,581,128",42.1,42.1,41.35,41.45,-0.35,"1,106",41.5875,42.3375,41.825,41.075,40.8375
2021/11/18,"2,793,672","116,767,588",41.6,41.95,41.55,41.8,0.35,"1,244",41.775,42.175,42,41.6,41.375
2021/11/17,"2,375,805","98,130,132",41.1,41.5,41,41.45,0.3,"1,405",41.35,41.85,41.7,41.2,40.85
2021/11/16,"1,376,970","56,534,464",41.2,41.2,40.95,41.15,-0.05,731,41.1125,41.3625,41.275,41.025,40.8625
2021/11/15,"2,166,231","89,338,073",41.45,41.45,41,41.2,-0.15,"1,124",41.2125,41.6625,41.425,40.975,40.7625
2021/11/12,"2,136,852","87,910,019",41.05,41.4,40.95,41.35,0.35,"1,156",41.2625,41.7125,41.575,41.125,40.8125
2021/11/11,"1,600,759","65,628,631",41,41.1,40.9,41,0.1,985,41,41.2,41.1,40.9,40.8
2021/11/10,"3,190,744","130,108,407",41,41,40.6,40.9,-0.1,"1,537",40.85,41.25,41.1,40.7,40.45
2021/11/9,"2,275,730","93,137,364",41.25,41.25,40.75,41,0,"2,033",41,41.5,41.25,40.75,40.5
2021/11/8,"1,775,748","72,899,668",40.95,41.2,40.9,41,0.05,"1,016",41.025,41.325,41.15,40.85,40.725
2021/11/5,"1,896,048","77,430,846",41.1,41.1,40.7,40.95,-0.05,"1,252",40.925,41.325,41.15,40.75,40.525
2021/11/4,"2,241,536","91,933,868",41.1,41.25,40.9,41,0,"1,203",41.0375,41.3875,41.175,40.825,40.6875
2021/11/3,"3,368,868","138,197,841",41.2,41.35,40.85,41,-0.15,"1,639",41.05,41.55,41.25,40.75,40.55
2021/11/2,"2,558,513","105,219,606",41.3,41.4,41,41.15,-0.2,"1,525",41.175,41.575,41.35,40.95,40.775
2021/11/1,"1,451,039","59,945,844",41.45,41.55,41.2,41.35,-0.15,910,41.3625,41.7125,41.525,41.175,41.0125
2021/10/29,"2,168,962","89,893,762",41.65,41.65,41.25,41.5,-0.15,791,41.475,41.875,41.7,41.3,41.075
2021/10/28,"1,840,595","76,571,694",41.85,41.95,41.5,41.65,-0.3,"1,079",41.6875,42.1375,41.875,41.425,41.2375
2021/10/27,"1,188,625","49,993,965",42.15,42.4,41.95,41.95,-0.4,710,42.0625,42.5125,42.175,41.725,41.6125
2021/10/26,"1,089,990","46,119,263",42.3,42.45,42.2,42.35,0.05,711,42.3375,42.5875,42.475,42.225,42.0875
2021/10/25,"1,180,950","49,971,025",42.35,42.45,42.15,42.3,-0.05,655,42.3,42.6,42.45,42.15,42
2021/10/22,"2,527,282","107,111,481",42.45,42.5,42.15,42.35,0.4,"1,054",42.3375,42.6875,42.525,42.175,41.9875
2021/10/21,"4,026,972","169,071,378",41.7,42.25,41.7,41.95,0,"1,395",41.9625,42.5125,42.225,41.675,41.4125
2021/10/20,"1,817,385","76,162,155",42.1,42.1,41.8,41.95,0.1,"1,020",41.95,42.25,42.1,41.8,41.65
2021/10/19,"1,455,752","60,933,302",41.95,41.95,41.75,41.85,0.1,932,41.85,42.05,41.95,41.75,41.65
2021/10/18,"2,026,190","84,549,948",41.65,42.15,41.55,41.75,0.1,"1,070",41.8,42.4,42.05,41.45,41.2
2021/10/15,"1,473,269","61,299,267",41.85,42.05,41.5,41.65,-0.2,"1,082",41.7125,42.2625,41.925,41.375,41.1625
2021/10/14,"1,123,097","46,918,988",41.8,42.1,41.6,41.85,0.05,645,41.85,42.35,42.1,41.6,41.35
2021/10/13,"1,511,413","63,443,674",42.65,42.65,41.7,41.8,-0.6,"1,016",41.9875,42.9375,42.275,41.325,41.0375
2021/10/12,"2,210,343","93,201,415",41.8,42.5,41.35,42.4,0.3,"1,567",42.1625,43.3125,42.975,41.825,41.0125
2021/10/8,"1,408,981","59,231,685",41.8,42.25,41.8,42.1,0.3,"1,155",42.0625,42.5125,42.325,41.875,41.6125
2021/10/7,"2,163,450","90,252,215",41.45,41.9,41.15,41.8,0.7,"1,397",41.6625,42.4125,42.175,41.425,40.9125
2021/10/6,"1,446,684","59,395,300",41.25,41.4,40.9,41.1,0.1,968,41.125,41.625,41.35,40.85,40.625
2021/10/5,"1,836,398","75,279,598",40.95,41.25,40.75,41,-0.5,"1,168",41,41.5,41.25,40.75,40.5
2021/10/4,"1,569,942","65,123,426",41.45,41.8,41.25,41.5,0.05,962,41.5125,42.0625,41.775,41.225,40.9625
2021/10/1,"2,209,934","91,559,997",41.7,41.85,41.2,41.45,-0.25,"1,075",41.4875,42.1375,41.775,41.125,40.8375
2021/9/30,"3,157,955","132,074,476",41.95,42.3,41.7,41.7,-0.2,983,41.85,42.45,42,41.4,41.25
2021/9/29,"1,615,153","67,768,751",42,42.15,41.8,41.9,-0.35,837,41.9375,42.2875,42.075,41.725,41.5875
2021/9/28,"1,368,778","57,949,824",42,42.55,41.9,42.25,0.1,666,42.2375,42.8875,42.575,41.925,41.5875
2021/9/27,"2,657,994","111,967,854",41.95,42.3,41.8,42.15,0.4,"1,572",42.1,42.6,42.4,41.9,41.6
2021/9/24,"2,761,353","115,082,555",41.45,41.85,41.45,41.75,0.65,"1,698",41.7,42.1,41.95,41.55,41.3
2021/9/23,"3,013,237","124,163,052",41.4,41.7,41.05,41.1,0.1,"1,720",41.2375,41.8875,41.425,40.775,40.5875
2021/9/22,"4,576,340","189,574,277",41.6,41.95,41,41,-1.3,"2,261",41.2375,42.1875,41.475,40.525,40.2875
2021/9/17,"2,523,998","107,144,074",43.25,43.25,42.3,42.3,-0.7,"1,184",42.5375,43.4875,42.775,41.825,41.5875
2021/9/16,"1,651,303","70,611,997",43,43.25,42.4,43,0.15,"1,228",42.9125,43.7625,43.425,42.575,42.0625
2021/9/15,"1,523,224","65,276,325",43.3,43.3,42.7,42.85,-0.45,890,42.925,43.525,43.15,42.55,42.325
2021/9/14,"1,421,483","61,230,487",43.65,43.65,42.95,43.3,0,"1,023",43.3,44,43.65,42.95,42.6
2021/9/13,"1,279,278","55,340,963",43.2,43.55,43.15,43.3,0.1,902,43.325,43.725,43.5,43.1,42.925
2021/9/10,"1,435,195","61,986,482",43.4,43.55,43,43.2,0.1,"1,098",43.2375,43.7875,43.475,42.925,42.6875
2021/9/9,"528,031","22,777,701",43.4,43.4,43.05,43.1,-0.3,400,43.1625,43.5125,43.275,42.925,42.8125
2021/9/8,"2,106,810","91,442,259",43.25,43.95,42.9,43.4,0.4,"1,428",43.4125,44.4625,43.925,42.875,42.3625
2021/9/7,"1,012,137","43,440,432",43.3,43.3,42.75,43,-0.3,670,43.0125,43.5625,43.275,42.725,42.4625
2021/9/6,"1,433,930","62,428,280",44.05,44.05,43.25,43.3,-0.75,823,43.475,44.275,43.7,42.9,42.675
2021/9/3,"1,501,833","66,426,351",44.2,44.45,44,44.05,-0.15,"1,003",44.1375,44.5875,44.275,43.825,43.6875
2021/9/2,"1,463,803","64,611,719",44.55,44.55,44,44.2,-0.25,"1,070",44.2375,44.7875,44.475,43.925,43.6875
2021/9/1,"1,618,897","71,864,462",44,44.6,43.9,44.45,0.55,899,44.35,45.05,44.8,44.1,43.65
2021/8/31,"1,959,369","86,332,407",44.6,44.6,43.85,43.9,-0.6,"1,106",44.0625,44.8125,44.275,43.525,43.3125
2021/8/30,"2,421,187","106,566,013",43.7,44.5,43.45,44.5,1.1,"1,515",44.2375,45.2875,45.025,43.975,43.1875
2021/8/27,"2,307,301","99,883,457",43.1,43.65,42.9,43.4,0.4,"1,188",43.3375,44.0875,43.775,43.025,42.5875
2021/8/26,"1,377,321","59,223,565",43.05,43.2,42.85,43,0,972,43.0125,43.3625,43.175,42.825,42.6625
2021/8/25,"1,422,710","61,245,556",43.45,43.45,42.9,43,-0.25,"1,001",43.0875,43.6375,43.275,42.725,42.5375
2021/8/24,"2,196,432","93,973,526",42.7,43.25,42.4,43.25,0.55,"1,257",43.0375,43.8875,43.675,42.825,42.1875
2021/8/23,"1,982,399","84,555,896",42.8,42.95,42.5,42.7,0.15,"1,282",42.7125,43.1625,42.925,42.475,42.2625
2021/8/20,"2,810,617","120,353,932",43.2,43.5,42.4,42.55,-0.4,"1,867",42.75,43.85,43.1,42,41.65
2021/8/19,"4,034,524","172,864,386",42.65,43,42.5,42.95,0.1,"2,213",42.85,43.35,43.2,42.7,42.35
2021/8/18,"5,003,869","212,804,632",41.8,42.85,41.75,42.85,1,"2,854",42.575,43.675,43.4,42.3,41.475
2021/8/17,"4,417,349","184,084,702",41.25,42.1,41.1,41.85,1,"2,424",41.725,42.725,42.35,41.35,40.725
2021/8/16,"2,137,780","87,630,323",40.85,41.2,40.85,40.85,-0.45,802,40.9375,41.2875,41.025,40.675,40.5875
2021/8/13,"2,448,276","101,339,314",41.2,41.6,41.2,41.3,-0.15,"1,197",41.35,41.75,41.5,41.1,40.95
2021/8/12,"2,574,187","106,621,963",41.65,41.65,41.2,41.45,0.45,"1,531",41.4375,41.8875,41.675,41.225,40.9875
2021/8/11,"2,801,908","114,848,733",40.8,41.35,40.8,41,0.4,"1,499",41.0375,41.5875,41.275,40.725,40.4875
2021/8/10,"1,383,977","56,192,222",40.65,40.7,40.45,40.6,-0.05,560,40.5875,40.8375,40.725,40.475,40.3375
2021/8/9,"1,074,725","43,625,556",40.6,40.7,40.45,40.65,-0.1,396,40.6125,40.8625,40.775,40.525,40.3625
2021/8/6,"1,134,366","46,193,791",40.65,40.9,40.6,40.75,0.1,806,40.75,41.05,40.9,40.6,40.45
2021/8/5,"839,262","34,129,973",40.8,40.85,40.55,40.65,-0.1,573,40.675,40.975,40.8,40.5,40.375
2021/8/4,"1,213,326","49,494,562",40.85,40.95,40.7,40.75,0.1,803,40.7875,41.0375,40.875,40.625,40.5375
2021/8/3,"399,422","16,225,322",40.7,40.7,40.55,40.65,-0.05,245,40.6375,40.7875,40.725,40.575,40.4875
2021/8/2,"1,108,305","45,070,364",40.55,40.85,40.5,40.7,0.3,643,40.6875,41.0375,40.875,40.525,40.3375
2021/7/30,"1,110,275","45,120,622",40.7,40.9,40.4,40.4,-0.2,398,40.525,41.025,40.65,40.15,40.025
2021/7/29,"663,285","26,907,884",40.6,40.75,40.4,40.6,0,307,40.5875,40.9375,40.775,40.425,40.2375
2021/7/28,"1,799,704","72,805,601",40.55,40.8,40.25,40.6,0.05,772,40.5625,41.1125,40.875,40.325,40.0125
2021/7/27,"967,215","39,288,891",40.8,40.9,40.5,40.55,-0.05,475,40.625,41.025,40.75,40.35,40.225
2021/7/26,"1,602,589","65,517,602",41.1,41.3,40.6,40.6,-0.5,792,40.775,41.475,40.95,40.25,40.075
2021/7/23,"1,453,854","59,766,142",41.05,41.35,40.9,41.1,0.1,877,41.1125,41.5625,41.325,40.875,40.6625
2021/7/22,"1,769,559","72,663,801",41.05,41.3,40.9,41,0.05,"1,136",41.05,41.45,41.2,40.8,40.65
2021/7/21,"3,293,052","134,228,267",40.5,40.95,40.4,40.95,0.6,"1,727",40.8125,41.3625,41.225,40.675,40.2625
2021/7/20,"1,744,299","70,464,677",40.35,40.75,40.2,40.35,-0.05,945,40.4125,40.9625,40.625,40.075,39.8625
2021/7/19,"1,281,354","51,841,213",40.75,40.75,40.35,40.4,-0.25,799,40.475,40.875,40.6,40.2,40.075
2021/7/16,"1,297,219","52,736,514",40.6,40.8,40.55,40.65,0.15,606,40.6625,40.9125,40.775,40.525,40.4125
2021/7/15,"1,023,760","41,529,641",40.6,40.7,40.35,40.5,-0.1,479,40.5125,40.8625,40.675,40.325,40.1625
2021/7/14,"1,391,590","56,269,136",40.7,40.8,40.3,40.6,-0.05,663,40.575,41.075,40.85,40.35,40.075
2021/7/13,"959,774","39,034,692",41,41.05,40.5,40.65,-0.25,579,40.7125,41.2625,40.925,40.375,40.1625
2021/7/12,"1,434,595","58,530,779",40.85,40.9,40.65,40.9,0.35,849,40.8375,41.0875,41.025,40.775,40.5875
2021/7/9,"1,996,882","80,660,310",40.6,40.6,40.2,40.55,-0.3,"1,236",40.475,40.875,40.75,40.35,40.075
2021/7/8,"1,633,825","66,900,797",40.9,41.4,40.7,40.85,0,"1,018",40.95,41.65,41.2,40.5,40.25
2021/7/7,"2,920,320","119,686,533",41,41.3,40.65,40.85,-0.3,"1,077",40.9125,41.5625,41.175,40.525,40.2625
2021/7/6,"4,464,969","183,010,294",40.4,41.4,40.3,41.15,0.9,"2,360",41,42.1,41.7,40.6,39.9
2021/7/5,"3,436,890","137,914,109",39.9,40.5,39.8,40.25,0.85,"1,477",40.2,40.9,40.6,39.9,39.5
2021/7/2,"1,421,957","55,941,324",39.5,39.5,39.25,39.4,0.15,628,39.3875,39.6375,39.525,39.275,39.1375
2021/7/1,"2,449,931","96,607,075",39.8,39.8,39.25,39.25,-0.6,"1,341",39.3875,39.9375,39.525,38.975,38.8375
2021/6/30,"1,156,559","45,983,902",39.55,39.9,39.5,39.85,0.3,620,39.775,40.175,40.05,39.65,39.375
2021/6/29,"1,367,346","54,114,608",39.75,39.75,39.5,39.55,-0.2,693,39.5875,39.8375,39.675,39.425,39.3375
2021/6/28,"790,665","31,385,258",39.65,39.85,39.55,39.75,0.1,487,39.725,40.025,39.9,39.6,39.425
2021/6/25,"995,284","39,570,262",39.65,39.9,39.55,39.65,0.15,584,39.6875,40.0375,39.825,39.475,39.3375
2021/6/24,"1,168,417","46,252,366",39.6,39.8,39.5,39.5,-0.05,625,39.575,39.875,39.65,39.35,39.275
2021/6/23,"2,105,312","83,380,062",39.55,39.8,39.5,39.55,0.05,"1,180",39.6,39.9,39.7,39.4,39.3
2021/6/22,"1,827,087","72,341,047",39.9,39.9,39.5,39.5,-0.05,"1,109",39.6,40,39.7,39.3,39.2
2021/6/21,"2,948,300","117,048,136",40,40.2,39.5,39.55,-0.7,"1,523",39.7,40.4,39.9,39.2,39
2021/6/18,"3,156,319","126,825,720",40.2,40.25,40,40.25,-0.25,"1,232",40.1875,40.4375,40.375,40.125,39.9375
2021/6/17,"2,045,546","82,114,162",40.2,40.5,39.9,40.5,0.5,"1,241",40.35,40.95,40.8,40.2,39.75
2021/6/16,"2,474,253","99,137,191",40.2,40.4,39.9,40,-0.45,"1,904",40.075,40.575,40.25,39.75,39.575
2021/6/15,"2,803,529","112,892,788",40.2,40.45,39.9,40.45,0.45,"1,399",40.3125,40.8625,40.725,40.175,39.7625
2021/6/11,"1,181,719","47,446,003",40.35,40.35,40,40,-0.25,784,40.0875,40.4375,40.175,39.825,39.7375
2021/6/10,"2,168,133","87,008,363",39.95,40.3,39.95,40.25,0.2,"1,184",40.1875,40.5375,40.425,40.075,39.8375
2021/6/9,"2,706,763","108,226,859",40,40.1,39.85,40.05,0.05,"1,214",40.0125,40.2625,40.175,39.925,39.7625
2021/6/8,"2,347,958","94,032,475",40.1,40.25,39.9,40,-0.25,"1,490",40.0375,40.3875,40.175,39.825,39.6875
2021/6/7,"3,832,053","153,553,531",40.1,40.35,39.85,40.25,0.35,"1,408",40.175,40.675,40.5,40,39.675
2021/6/4,"3,447,357","137,864,507",40.05,40.2,39.85,39.9,-0.5,"1,412",39.9625,40.3125,40.075,39.725,39.6125
2021/6/3,"8,859,358","357,132,223",39.8,40.45,39.8,40.4,X0.00,"3,218",40.2625,40.9125,40.725,40.075,39.6125
2021/6/2,"5,963,719","247,677,862",41.6,41.65,41.4,41.65,0.2,"2,344",41.5875,41.8375,41.775,41.525,41.3375
2021/6/1,"3,459,436","142,541,316",41.2,41.5,40.85,41.45,0.35,"1,908",41.3125,41.9625,41.775,41.125,40.6625
2021/5/31,"4,484,974","185,503,990",41.55,41.75,41,41.1,-0.2,"1,654",41.2375,41.9875,41.475,40.725,40.4875
2021/5/28,"3,244,406","133,129,451",40.4,41.3,40.4,41.3,1.2,"1,479",41.075,41.975,41.75,40.85,40.175
2021/5/27,"2,301,205","92,737,759",40.5,40.6,40.1,40.1,-0.6,"1,229",40.225,40.725,40.35,39.85,39.725
2021/5/26,"1,859,658","75,193,940",40.35,40.7,40.25,40.7,0.45,"1,195",40.5875,41.0375,40.925,40.475,40.1375
2021/5/25,"2,340,602","93,000,697",40.7,40.9,40.25,40.25,-0.35,"1,115",40.4125,41.0625,40.575,39.925,39.7625
2021/5/24,"1,334,377","53,937,995",40.1,40.6,39.9,40.6,0.1,754,40.425,41.125,40.95,40.25,39.725
2021/5/21,"2,429,690","97,673,854",40.25,40.65,39.9,40.5,0.8,"1,134",40.3875,41.1375,40.875,40.125,39.6375
2021/5/20,"2,747,578","108,605,179",39.4,40.05,39.25,39.7,0.05,"1,254",39.675,40.475,40.1,39.3,38.875
2021/5/19,"2,322,157","92,282,301",39.9,40.2,39.6,39.65,-0.2,"1,391",39.775,40.375,39.95,39.35,39.175
2021/5/18,"2,366,445","93,478,306",38.9,40,38.85,39.85,1.2,"1,117",39.6375,40.7875,40.425,39.275,38.4875
2021/5/17,"3,852,822","148,869,190",38.3,39.2,38.05,38.65,-0.85,"1,341",38.6375,39.7875,39.225,38.075,37.4875
2021/5/14,"3,457,822","136,924,350",40,40.2,39.2,39.5,-0.15,"1,448",39.6,40.6,40,39,38.6
2021/5/13,"3,208,012","127,300,156",39.8,40.25,39,39.65,-0.5,"1,692",39.6375,40.8875,40.275,39.025,38.3875
2021/5/12,"6,516,810","264,095,529",42.4,42.4,38.8,40.15,-2.6,"2,937",40.375,43.975,41.95,38.35,36.775
2021/5/11,"4,593,564","198,917,884",43.2,44.1,42.4,42.75,-0.65,"1,947",43,44.7,43.6,41.9,41.3
2021/5/10,"3,015,616","130,360,377",42.9,43.5,42.7,43.4,0.8,"1,502",43.25,44.05,43.8,43,42.45
2021/5/7,"1,976,164","84,127,641",42.75,42.95,42.35,42.6,0.2,971,42.625,43.225,42.9,42.3,42.025
2021/5/6,"1,849,120","78,724,803",42.6,43.05,42.2,42.4,-0.15,919,42.5125,43.3625,42.825,41.975,41.6625
2021/5/5,"2,556,082","108,522,523",42,42.95,41.9,42.55,0.55,"1,317",42.4875,43.5375,43.075,42.025,41.4375
2021/5/4,"3,413,484","144,176,328",42.95,43.4,41.6,42,-0.85,"1,779",42.25,44.05,42.9,41.1,40.45
2021/5/3,"2,060,802","88,446,282",43.05,43.25,42.55,42.85,-0.4,"1,140",42.875,43.575,43.2,42.5,42.175
2021/4/29,"4,162,735","180,052,220",43.95,44.3,42.5,43.25,-0.45,"2,076",43.325,45.125,44.15,42.35,41.525
2021/4/28,"6,634,328","284,960,596",41.8,43.9,41.7,43.7,2.2,"3,547",43.25,45.45,44.8,42.6,41.05
2021/4/27,"4,446,306","183,543,847",40.8,41.5,40.65,41.5,1,"2,109",41.2875,42.1375,41.925,41.075,40.4375
2021/4/26,"1,705,415","68,903,715",40.35,40.7,40.15,40.5,0.45,904,40.4625,41.0125,40.775,40.225,39.9125
2021/4/23,"2,722,712","109,388,925",40.4,40.55,40,40.05,-0.45,"1,229",40.1625,40.7125,40.325,39.775,39.6125
2021/4/22,"1,876,886","76,112,649",40.65,40.85,40.35,40.5,-0.05,900,40.55,41.05,40.75,40.25,40.05
2021/4/21,"1,475,341","59,935,198",40.6,40.9,40.5,40.55,-0.4,"1,126",40.625,41.025,40.75,40.35,40.225
2021/4/20,"2,035,292","83,285,083",40.95,41.2,40.5,40.95,0.2,"1,240",40.9,41.6,41.3,40.6,40.2
2021/4/19,"2,868,896","116,742,389",40.3,40.9,40.3,40.75,0.5,"1,149",40.675,41.275,41.05,40.45,40.075
2021/4/16,"1,480,233","59,606,531",40.45,40.55,40.15,40.25,-0.2,809,40.3,40.7,40.45,40.05,39.9
2021/4/15,"1,499,837","60,562,278",40.45,40.65,40.2,40.45,0,863,40.4375,40.8875,40.675,40.225,39.9875
2021/4/14,"1,973,321","79,672,168",40.9,40.9,40.1,40.45,-0.35,"1,037",40.475,41.275,40.85,40.05,39.675
2021/4/13,"3,021,620","123,506,708",40.6,41.2,40.55,40.8,0.4,"1,531",40.8375,41.4875,41.125,40.475,40.1875
2021/4/12,"2,543,466","102,519,666",40.2,40.4,40.1,40.4,0.5,"1,311",40.325,40.625,40.55,40.25,40.025
2021/4/9,"2,018,500","80,620,695",40.05,40.1,39.9,39.9,-0.15,702,39.95,40.15,40,39.8,39.75
2021/4/8,"1,460,950","58,584,574",40.1,40.2,40,40.05,-0.05,756,40.075,40.275,40.15,39.95,39.875
2021/4/7,"2,575,790","103,261,321",40.2,40.4,39.95,40.1,0.45,"1,299",40.1375,40.5875,40.325,39.875,39.6875
2021/4/6,"1,785,934","70,673,897",39.6,39.7,39.4,39.65,0.25,889,39.6,39.9,39.8,39.5,39.3
2021/4/1,"1,033,654","40,728,833",39.45,39.5,39.3,39.4,0,665,39.4,39.6,39.5,39.3,39.2
2021/3/31,"1,837,458","72,352,285",39.3,39.45,39.25,39.4,0.1,983,39.375,39.575,39.5,39.3,39.175
2021/3/30,"1,101,481","43,159,516",39.05,39.35,39,39.3,0.25,719,39.2375,39.5875,39.475,39.125,38.8875
2021/3/29,"1,216,759","47,526,804",39.15,39.15,38.95,39.05,0,722,39.05,39.25,39.15,38.95,38.85
2021/3/26,"1,321,690","51,623,072",39.15,39.15,38.95,39.05,-0.1,601,39.05,39.25,39.15,38.95,38.85
2021/3/25,"2,232,119","86,964,332",39,39.2,38.75,39.15,0.15,922,39.0625,39.5125,39.375,38.925,38.6125
2021/3/24,"1,180,779","46,014,585",39,39.15,38.85,39,0,713,39,39.3,39.15,38.85,38.7
2021/3/23,"1,427,631","55,595,601",39.15,39.15,38.8,39,-0.15,826,38.9875,39.3375,39.175,38.825,38.6375
2021/3/22,"1,491,039","57,977,169",38.95,39.2,38.65,39.15,0.4,792,39.0375,39.5875,39.425,38.875,38.4875
2021/3/19,"2,155,118","83,660,253",39,39.05,38.7,38.75,-0.3,"1,389",38.8125,39.1625,38.925,38.575,38.4625
2021/3/18,"1,564,468","61,113,906",39.2,39.3,38.85,39.05,0,835,39.0625,39.5125,39.275,38.825,38.6125
2021/3/17,"2,108,088","82,540,443",39.15,39.3,39,39.05,-0.15,"1,441",39.1,39.4,39.2,38.9,38.8
2021/3/16,"854,409","33,417,728",39.2,39.2,39,39.2,0,610,39.15,39.35,39.3,39.1,38.95
2021/3/15,"1,192,934","46,600,907",39.25,39.25,38.95,39.2,0.2,559,39.15,39.45,39.35,39.05,38.85
2021/3/12,"916,846","35,793,367",39.2,39.2,38.95,39,-0.1,600,39.0375,39.2875,39.125,38.875,38.7875
2021/3/11,"1,721,988","67,460,950",39.2,39.35,39,39.1,0.1,749,39.1375,39.4875,39.275,38.925,38.7875
2021/3/10,"1,179,125","46,026,109",39.25,39.25,38.8,39,-0.25,689,39.0125,39.4625,39.225,38.775,38.5625
2021/3/9,"2,438,741","95,548,498",38.95,39.55,38.8,39.25,0.45,"1,008",39.2125,39.9625,39.625,38.875,38.4625
2021/3/8,"1,801,774","70,147,717",39.05,39.2,38.7,38.8,0,790,38.875,39.375,39.05,38.55,38.375
2021/3/5,"1,241,887","48,152,607",38.6,39,38.6,38.8,0.05,678,38.8,39.2,39,38.6,38.4
2021/3/4,"2,715,984","105,489,180",39.3,39.3,38.6,38.75,-0.35,"1,369",38.85,39.55,39.1,38.4,38.15
2021/3/3,"1,873,502","73,213,029",39,39.2,38.8,39.1,0.4,902,39.05,39.45,39.3,38.9,38.65
2021/3/2,"2,138,954","83,399,893",39.5,39.55,38.7,38.7,-0.5,"1,274",38.9125,39.7625,39.125,38.275,38.0625
2021/2/26,"2,837,550","111,020,018",39.45,39.45,38.85,39.2,-0.6,"1,406",39.175,39.775,39.5,38.9,38.575
2021/2/25,"4,329,743","170,789,647",39.15,39.8,39.05,39.8,1,"1,959",39.6125,40.3625,40.175,39.425,38.8625
2021/2/24,"4,592,745","178,332,789",38.75,39.05,38.65,38.8,0.35,"1,861",38.825,39.225,39,38.6,38.425
2021/2/23,"8,616,095","329,995,118",37.9,38.7,37.6,38.45,-1.05,"3,520",38.3,39.4,39,37.9,37.2
2021/2/22,"1,863,528","73,728,140",39.65,39.8,39.4,39.5,0,713,39.55,39.95,39.7,39.3,39.15
2021/2/19,"1,106,676","43,669,966",39.45,39.6,39.25,39.5,0,434,39.4625,39.8125,39.675,39.325,39.1125
2021/2/18,"1,407,090","55,765,615",39.4,39.85,39.35,39.5,0.1,735,39.55,40.05,39.75,39.25,39.05
2021/2/17,"1,968,131","77,598,568",39.4,39.65,39.2,39.4,0.2,929,39.4125,39.8625,39.625,39.175,38.9625
2021/2/5,"1,089,268","42,754,549",39.4,39.45,39.1,39.2,0.2,586,39.2375,39.5875,39.375,39.025,38.8875
2021/2/4,"1,204,386","46,924,303",38.75,39.15,38.65,39,0.05,596,38.95,39.45,39.25,38.75,38.45
2021/2/3,"1,268,714","49,403,432",39.1,39.2,38.75,38.95,0.3,470,38.9625,39.4125,39.175,38.725,38.5125
2021/2/2,"1,299,214","49,898,795",38.1,38.65,37.9,38.65,0.5,611,38.4625,39.2125,39.025,38.275,37.7125
2021/2/1,"514,568","19,606,645",37.9,38.25,37.9,38.15,0.2,243,38.1125,38.4625,38.325,37.975,37.7625
2021/1/29,"1,720,335","65,324,819",38.1,38.25,37.9,37.95,-0.1,925,38.0125,38.3625,38.125,37.775,37.6625
2021/1/28,"1,455,447","55,418,424",38,38.35,37.95,38.05,-0.15,769,38.1,38.5,38.25,37.85,37.7
2021/1/27,"1,554,462","59,543,351",38.45,38.6,38.2,38.2,-0.1,733,38.3,38.7,38.4,38,37.9
2021/1/26,"1,020,831","39,145,159",38.6,38.6,38.2,38.3,-0.3,529,38.35,38.75,38.5,38.1,37.95
2021/1/25,"929,156","35,759,111",38.3,38.65,38.3,38.6,0.35,466,38.5375,38.8875,38.775,38.425,38.1875
2021/1/22,"2,533,580","96,824,015",38.7,38.7,38.1,38.25,-0.4,"1,275",38.325,38.925,38.55,37.95,37.725
2021/1/21,"676,996","26,215,969",38.5,38.95,38.5,38.65,0.2,458,38.6875,39.1375,38.875,38.425,38.2375
2021/1/20,"3,167,236","122,771,688",39.4,39.4,38.3,38.45,-1.15,"2,025",38.65,39.75,39,37.9,37.55
2021/1/19,"760,642","30,123,526",39.5,39.8,39.4,39.6,0.25,400,39.6,40,39.8,39.4,39.2
2021/1/18,"934,119","36,836,286",39.85,39.85,39,39.35,-0.5,519,39.3875,40.2375,39.775,38.925,38.5375
2021/1/15,"1,639,429","65,763,948",40.15,40.35,39.85,39.85,-0.45,691,39.975,40.475,40.1,39.6,39.475
2021/1/14,"1,067,605","42,885,863",40.35,40.35,40.05,40.3,-0.1,398,40.25,40.55,40.45,40.15,39.95
2021/1/13,"1,750,761","70,666,684",40,40.6,40,40.4,0.5,754,40.35,40.95,40.7,40.1,39.75
2021/1/12,"1,315,661","52,663,015",40.25,40.45,39.8,39.9,-0.6,832,40.0125,40.6625,40.225,39.575,39.3625
2021/1/11,"2,446,706","99,587,162",40.5,41.5,40.1,40.5,0.1,"1,345",40.65,42.05,41.2,39.8,39.25
2021/1/8,"2,659,745","106,735,264",40.1,40.4,39.8,40.4,0.45,"1,475",40.25,40.85,40.7,40.1,39.65
2021/1/7,"4,058,437","162,197,302",39.5,40.25,39.45,39.95,0.65,"1,974",39.9,40.7,40.35,39.55,39.1
2021/1/6,"3,018,429","118,512,640",39.4,39.4,39.1,39.3,0.35,"1,591",39.275,39.575,39.45,39.15,38.975
2021/1/5,"1,046,693","40,727,139",39,39.05,38.85,38.95,-0.1,539,38.95,39.15,39.05,38.85,38.75
2021/1/4,"1,007,781","39,236,071",39,39.05,38.8,39.05,0.25,570,38.9875,39.2375,39.175,38.925,38.7375
2020/12/31,"2,444,807","95,016,173",39.1,39.25,38.8,38.8,-0.3,548,38.9125,39.3625,39.025,38.575,38.4625
2020/12/30,"2,569,145","99,788,299",38.4,39.2,38.35,39.1,0.7,"1,394",38.9375,39.7875,39.525,38.675,38.0875
2020/12/29,"817,349","31,327,254",38.4,38.45,38.25,38.4,0.05,477,38.375,38.575,38.5,38.3,38.175
2020/12/28,"1,012,465","38,839,545",38.35,38.45,38.2,38.35,0,586,38.3375,38.5875,38.475,38.225,38.0875
2020/12/25,"770,100","29,500,477",38.1,38.4,38.1,38.35,0.35,369,38.3,38.6,38.5,38.2,38
2020/12/24,"2,245,074","85,495,683",38.3,38.4,38,38,-0.05,702,38.1,38.5,38.2,37.8,37.7
2020/12/23,"2,930,652","111,826,853",38.5,38.5,38.05,38.05,-0.6,"1,039",38.1625,38.6125,38.275,37.825,37.7125
2020/12/22,"2,983,377","114,748,559",38.35,38.65,37.95,38.65,-0.05,885,38.475,39.175,39,38.3,37.775
2020/12/21,"3,379,693","130,057,385",38.3,38.7,38.15,38.7,-0.15,"1,426",38.5625,39.1125,38.975,38.425,38.0125
2020/12/18,"4,424,328","170,800,697",38.35,38.85,38,38.85,0.35,"1,019",38.6375,39.4875,39.275,38.425,37.7875
2020/12/17,"1,225,999","46,990,911",38.6,38.6,38.2,38.5,-0.2,822,38.45,38.85,38.7,38.3,38.05
2020/12/16,"2,398,630","92,497,218",38,38.85,38,38.7,0.8,"1,511",38.5625,39.4125,39.125,38.275,37.7125
2020/12/15,"1,620,516","61,439,643",38.1,38.15,37.8,37.9,-0.2,928,37.9375,38.2875,38.075,37.725,37.5875
2020/12/14,"1,009,411","38,565,917",38.5,38.5,38.1,38.1,-0.2,557,38.2,38.6,38.3,37.9,37.8
2020/12/11,"1,152,558","44,074,624",37.8,38.45,37.8,38.3,0.5,686,38.2125,38.8625,38.625,37.975,37.5625
2020/12/10,"2,136,006","80,897,285",38.2,38.2,37.55,37.8,-0.4,"1,311",37.8375,38.4875,38.125,37.475,37.1875
2020/12/9,"1,863,254","70,948,061",38,38.35,37.9,38.2,0.1,"1,031",38.1625,38.6125,38.425,37.975,37.7125
2020/12/8,"2,661,076","101,600,775",38.4,38.45,38.05,38.1,-0.6,"1,580",38.175,38.575,38.3,37.9,37.775
2020/12/7,"1,157,726","44,877,912",39,39,38.65,38.7,-0.3,637,38.7625,39.1125,38.875,38.525,38.4125
2020/12/4,"1,620,501","63,069,840",39.05,39.1,38.8,39,0.15,886,38.975,39.275,39.15,38.85,38.675
2020/12/3,"2,086,667","81,073,340",38.85,39,38.7,38.85,0.55,"1,117",38.85,39.15,39,38.7,38.55
2020/12/2,"2,073,456","79,367,545",38.4,38.45,38.15,38.3,-0.2,"1,012",38.3,38.6,38.45,38.15,38
2020/12/1,"1,189,824","45,650,639",38.3,38.5,38.1,38.5,0.3,711,38.4,38.8,38.7,38.3,38
2020/11/30,"3,208,087","122,949,586",38.8,38.8,38,38.2,-0.6,"1,730",38.3,39.1,38.6,37.8,37.5
2020/11/27,"897,956","34,882,475",38.85,39.05,38.75,38.8,-0.05,519,38.85,39.15,38.95,38.65,38.55
2020/11/26,"978,803","38,074,882",38.95,39,38.7,38.85,0.05,612,38.85,39.15,39,38.7,38.55
2020/11/25,"1,046,866","40,632,169",38.75,38.95,38.55,38.8,0.4,645,38.775,39.175,39,38.6,38.375
2020/11/24,"3,166,833","122,433,320",39,39.2,38.4,38.4,-0.6,"1,677",38.6,39.4,38.8,38,37.8
2020/11/23,"1,280,030","50,084,172",39.2,39.4,38.9,39,0.05,700,39.075,39.575,39.25,38.75,38.575
2020/11/20,"812,812","31,596,176",38.9,39,38.7,38.95,0.05,576,38.9,39.2,39.1,38.8,38.6
2020/11/19,"1,175,763","45,863,594",39,39.25,38.8,38.9,-0.4,803,38.9625,39.4125,39.125,38.675,38.5125
2020/11/18,"946,444","37,167,504",39.2,39.4,39,39.3,0.3,595,39.25,39.65,39.5,39.1,38.85
2020/11/17,"933,630","36,412,997",39.2,39.2,38.9,39,0,771,39.025,39.325,39.15,38.85,38.725
2020/11/16,"2,072,184","81,003,757",39.25,39.4,38.9,39,-0.15,"1,367",39.075,39.575,39.25,38.75,38.575
2020/11/13,"1,416,717","55,337,338",39.1,39.3,38.9,39.15,0.05,"1,245",39.125,39.525,39.35,38.95,38.725
2020/11/12,"1,828,555","71,352,948",39.45,39.45,38.85,39.1,-0.4,"1,044",39.125,39.725,39.4,38.8,38.525
2020/11/11,"2,058,867","81,104,036",39.3,39.75,39.2,39.5,0.2,"1,494",39.4875,40.0375,39.775,39.225,38.9375
2020/11/10,"2,250,353","88,766,908",39.2,39.7,39.2,39.3,0.3,"1,466",39.375,39.875,39.55,39.05,38.875
2020/11/9,"1,217,642","47,596,475",38.9,39.3,38.85,39,0.3,697,39.0375,39.4875,39.225,38.775,38.5875
2020/11/6,"879,903","34,106,982",38.85,38.95,38.5,38.7,-0.05,574,38.7125,39.1625,38.925,38.475,38.2625
2020/11/5,"802,380","31,211,550",39.05,39.1,38.7,38.75,-0.2,511,38.825,39.225,38.95,38.55,38.425
2020/11/4,"1,507,097","58,697,223",39.4,39.45,38.7,38.95,0.05,"1,119",39.0125,39.7625,39.325,38.575,38.2625
2020/11/3,"1,133,169","44,225,493",39.25,39.25,38.85,38.9,-0.15,834,38.975,39.375,39.1,38.7,38.575
2020/11/2,"2,371,271","91,482,098",38.7,39.05,38.2,39.05,0.3,"1,578",38.8375,39.6875,39.475,38.625,37.9875
2020/10/30,"2,013,184","78,440,724",39.3,39.4,38.75,38.75,-0.65,"1,205",38.9125,39.5625,39.075,38.425,38.2625
2020/10/29,"2,883,606","114,524,418",39.7,40.2,39.1,39.4,-0.6,"1,497",39.525,40.625,39.95,38.85,38.425
2020/10/28,"6,241,851","247,877,666",38.8,40.1,38.8,40,1.3,"2,354",39.725,41.025,40.65,39.35,38.425
2020/10/27,"2,575,859","99,913,043",38.65,39.2,38.55,38.7,0.1,"1,556",38.7875,39.4375,39.025,38.375,38.1375
2020/10/26,"1,672,033","64,847,024",38.85,39.25,38.6,38.6,-0.25,"1,178",38.7625,39.4125,38.925,38.275,38.1125
2020/10/23,"1,244,020","48,029,422",38.9,38.9,38.25,38.85,0.2,896,38.7125,39.3625,39.175,38.525,38.0625
2020/10/22,"2,673,344","103,753,640",39.45,39.5,38.65,38.65,-0.85,"1,319",38.8625,39.7125,39.075,38.225,38.0125
2020/10/21,"2,392,732","93,679,914",39,39.5,38.7,39.5,0.65,"1,484",39.3,40.1,39.9,39.1,38.5
2020/10/20,"1,380,896","53,522,514",39.15,39.15,38.55,38.85,-0.3,"1,105",38.85,39.45,39.15,38.55,38.25
2020/10/19,"1,923,413","75,326,257",39.45,39.7,38.6,39.15,-0.25,"1,429",39.15,40.25,39.7,38.6,38.05
2020/10/16,"1,604,906","63,269,611",39.45,39.7,39.05,39.4,0.1,841,39.3875,40.0375,39.725,39.075,38.7375
2020/10/15,"1,898,161","74,482,737",38.95,39.5,38.8,39.3,0.35,887,39.225,39.925,39.65,38.95,38.525
2020/10/14,"1,366,759","53,205,796",39,39.2,38.7,38.95,0.05,610,38.95,39.45,39.2,38.7,38.45
2020/10/13,"962,040","37,286,645",38.9,39,38.55,38.9,0.05,506,38.8375,39.2875,39.125,38.675,38.3875
2020/10/12,"2,851,941","110,317,910",37.95,39,37.95,38.85,1.05,"1,527",38.6625,39.7125,39.375,38.325,37.6125
2020/10/8,"1,341,321","50,540,877",38,38,37.3,37.8,-0.3,685,37.725,38.425,38.15,37.45,37.025
2020/10/7,"2,523,026","95,908,279",37.65,38.3,37.6,38.1,0.8,"1,338",38.025,38.725,38.45,37.75,37.325
2020/10/6,"931,311","34,698,084",37.05,37.35,37.05,37.3,0.25,416,37.25,37.55,37.45,37.15,36.95
2020/10/5,"748,749","27,731,395",36.8,37.15,36.8,37.05,0.05,409,37.0125,37.3625,37.225,36.875,36.6625
2020/9/30,"512,195","18,930,592",37,37,36.8,37,-0.05,256,36.95,37.15,37.1,36.9,36.75
2020/9/29,"1,132,628","41,866,050",36.9,37.05,36.75,37.05,0.1,366,36.975,37.275,37.2,36.9,36.675
2020/9/28,"405,210","14,919,402",36.85,36.95,36.65,36.95,0.2,222,36.875,37.175,37.1,36.8,36.575
2020/9/25,"1,301,724","47,833,245",36.45,36.9,36.4,36.75,0.2,518,36.7,37.2,37,36.5,36.2
2020/9/24,"3,183,134","116,382,869",36.2,36.75,36.1,36.55,0.05,"1,163",36.4875,37.1375,36.875,36.225,35.8375
2020/9/23,"1,199,912","43,698,538",36.6,36.8,36.3,36.5,-0.1,642,36.525,37.025,36.75,36.25,36.025
2020/9/22,"1,310,189","47,913,115",36.65,36.7,36.4,36.6,-0.1,574,36.575,36.875,36.75,36.45,36.275
2020/9/21,"1,021,702","37,652,759",36.95,37.15,36.6,36.7,-0.35,622,36.7875,37.3375,36.975,36.425,36.2375
2020/9/18,"1,095,255","40,371,007",36.65,37.05,36.6,37.05,0.35,449,36.9375,37.3875,37.275,36.825,36.4875
2020/9/17,"552,119","20,317,640",37.05,37.05,36.65,36.7,-0.35,334,36.775,37.175,36.9,36.5,36.375
2020/9/16,"746,227","27,616,033",36.95,37.15,36.9,37.05,-0.1,395,37.0375,37.2875,37.175,36.925,36.7875
2020/9/15,"986,758","36,527,530",37.05,37.2,36.9,37.15,0.1,464,37.1,37.4,37.3,37,36.8
2020/9/14,"901,768","33,123,545",36.85,37.05,36.5,37.05,0.4,400,36.9125,37.4625,37.325,36.775,36.3625
2020/9/11,"798,242","29,305,114",37,37,36.6,36.65,-0.4,359,36.725,37.125,36.85,36.45,36.325
2020/9/10,"1,304,456","48,440,697",36.95,37.4,36.75,37.05,0.2,678,37.0625,37.7125,37.375,36.725,36.4125
2020/9/9,"1,192,117","43,793,963",36.45,36.9,36.35,36.85,0.2,493,36.7375,37.2875,37.125,36.575,36.1875
2020/9/8,"746,326","27,185,244",36.55,36.8,36.2,36.65,0.25,421,36.575,37.175,36.95,36.35,35.975
2020/9/7,"591,845","21,502,304",36.15,36.55,36.1,36.4,0.25,321,36.3625,36.8125,36.625,36.175,35.9125
2020/9/4,"938,085","33,986,968",36.05,36.45,36.05,36.15,-0.1,474,36.2,36.6,36.35,35.95,35.8
2020/9/3,"1,138,308","41,388,163",36.45,36.55,36.25,36.25,0,561,36.325,36.625,36.4,36.1,36.025
2020/9/2,"1,541,884","56,027,587",36.85,36.85,36,36.25,-0.45,841,36.3375,37.1875,36.675,35.825,35.4875
2020/9/1,"1,099,182","40,333,573",36.65,36.85,36.5,36.7,0.15,395,36.6875,37.0375,36.875,36.525,36.3375
2020/8/31,"921,724","33,879,845",37.1,37.25,36.55,36.55,-0.55,482,36.725,37.425,36.9,36.2,36.025
2020/8/28,"820,884","30,424,047",37,37.2,36.7,37.1,0.25,395,37.025,37.525,37.35,36.85,36.525
2020/8/27,"636,698","23,476,148",37.3,37.3,36.75,36.85,-0.25,332,36.9375,37.4875,37.125,36.575,36.3875
2020/8/26,"1,031,277","38,019,220",37.15,37.15,36.7,37.1,0,613,37.0125,37.4625,37.325,36.875,36.5625
2020/8/25,"1,014,746","37,763,220",36.95,37.5,36.95,37.1,-0.05,447,37.1625,37.7125,37.375,36.825,36.6125
2020/8/24,"1,592,924","59,128,522",37.3,37.4,36.85,37.15,-0.15,774,37.1375,37.6875,37.425,36.875,36.5875
2020/8/21,"2,596,489","96,371,588",36.45,37.45,36.35,37.3,1.1,"1,283",37.1,38.2,37.85,36.75,36
2020/8/20,"3,446,164","125,397,983",36.7,36.9,36,36.2,-0.8,"1,403",36.325,37.225,36.65,35.75,35.425
2020/8/19,"2,291,796","84,811,917",36.8,37.4,36.55,37,0.3,"1,295",36.9875,37.8375,37.425,36.575,36.1375
2020/8/18,"1,226,683","44,948,560",36.9,36.9,36.45,36.7,-0.15,666,36.6875,37.1375,36.925,36.475,36.2375
2020/8/17,"1,000,080","36,824,993",36.95,36.95,36.6,36.85,0,505,36.8125,37.1625,37.025,36.675,36.4625
2020/8/14,"1,419,141","52,009,512",36.95,37,36.45,36.85,-0.05,639,36.7875,37.3375,37.125,36.575,36.2375
2020/8/13,"2,044,758","75,280,036",36.75,36.95,36.6,36.9,0.35,"1,272",36.8375,37.1875,37.075,36.725,36.4875
2020/8/12,"2,334,472","84,711,002",36.2,36.7,35.9,36.55,0.7,"1,251",36.425,37.225,36.95,36.15,35.625
2020/8/11,"1,555,876","56,041,638",36.25,36.35,35.8,35.85,-0.4,741,35.9625,36.5125,36.125,35.575,35.4125
2020/8/10,"1,115,733","40,395,868",36.3,36.45,36,36.25,-0.05,456,36.2375,36.6875,36.475,36.025,35.7875
2020/8/7,"1,610,322","58,482,884",36.75,36.75,36,36.3,-0.45,758,36.3375,37.0875,36.675,35.925,35.5875
2020/8/6,"2,062,554","75,532,199",37,37.15,36.3,36.75,-0.05,"1,074",36.7375,37.5875,37.175,36.325,35.8875
2020/8/5,"4,538,689","167,221,213",37,37.2,36.5,36.8,0.5,"2,174",36.825,37.525,37.15,36.45,36.125
2020/8/4,"1,516,824","54,823,004",36,36.4,35.85,36.3,0.4,683,36.2125,36.7625,36.575,36.025,35.6625
2020/8/3,"1,934,286","69,727,875",36,36.25,35.8,35.9,0,779,35.9625,36.4125,36.125,35.675,35.5125
2020/7/31,"2,181,662","78,022,157",35.45,36,35.4,35.9,0.45,"1,023",35.8,36.4,36.2,35.6,35.2
2020/7/30,"1,786,474","63,494,994",36,36.05,35.3,35.45,-0.25,892,35.5625,36.3125,35.825,35.075,34.8125
2020/7/29,"3,082,362","110,535,834",35.3,36.3,35.25,35.7,1,"1,545",35.7375,36.7875,36.225,35.175,34.6875
2020/7/28,"804,363","27,878,790",34.6,35,34.45,34.7,0.05,434,34.7125,35.2625,34.975,34.425,34.1625
2020/7/27,"1,044,236","36,426,535",35,35.35,34.65,34.65,-0.4,517,34.825,35.525,35,34.3,34.125
2020/7/24,"1,229,983","43,167,498",35.45,35.45,34.85,35.05,-0.45,707,35.1,35.7,35.35,34.75,34.5
2020/7/23,"1,430,180","50,930,922",35.85,35.9,35.45,35.5,-0.5,587,35.5875,36.0375,35.725,35.275,35.1375
2020/7/22,"1,863,734","67,070,522",35.95,36.2,35.7,36,0.4,857,35.975,36.475,36.25,35.75,35.475
2020/7/21,"3,562,752","126,963,117",35,36.2,35,35.6,0.65,"1,557",35.6,36.8,36.2,35,34.4
2020/7/20,"1,914,540","67,396,791",34.9,35.9,34.6,34.95,0.05,"1,029",35.1,36.4,35.6,34.3,33.8
2020/7/17,"1,232,123","43,199,232",35.4,35.4,34.75,34.9,-0.25,685,34.9875,35.6375,35.225,34.575,34.3375
2020/7/16,"1,307,111","46,127,545",35.7,35.7,35.05,35.15,-0.35,592,35.2625,35.9125,35.475,34.825,34.6125
2020/7/15,"1,665,159","58,689,381",34.85,35.6,34.85,35.5,0.8,870,35.3625,36.1125,35.875,35.125,34.6125
2020/7/14,"1,784,761","62,296,088",35.25,35.25,34.7,34.7,-0.6,"1,011",34.8375,35.3875,34.975,34.425,34.2875
2020/7/13,"2,038,303","71,159,692",34.55,35.4,34.35,35.3,0.8,878,35.0875,36.1375,35.825,34.775,34.0375
2020/7/10,"2,371,459","82,365,480",35.15,35.15,34.5,34.5,-0.7,"1,208",34.6625,35.3125,34.825,34.175,34.0125
2020/7/9,"1,520,850","53,720,258",35.6,35.7,35.15,35.2,-0.4,725,35.3125,35.8625,35.475,34.925,34.7625
2020/7/8,"2,487,634","87,871,066",35.55,35.6,35.1,35.6,0,"1,515",35.475,35.975,35.85,35.35,34.975
2020/7/7,"2,020,909","72,094,456",36.15,36.3,35.4,35.6,-0.3,"1,041",35.725,36.625,36.05,35.15,34.825
2020/7/6,"3,253,672","116,754,021",35.65,36.15,35.55,35.9,0.5,914,35.875,36.475,36.2,35.6,35.275
2020/7/3,"3,669,620","130,687,130",36.05,36.2,35.4,35.4,-0.15,"1,359",35.6,36.4,35.8,35,34.8
2020/7/2,"3,083,250","109,912,703",35.65,35.95,35.55,35.55,0.05,"1,352",35.65,36.05,35.75,35.35,35.25
2020/7/1,"3,274,845","117,045,046",36,36.1,35.5,35.5,-0.4,"1,963",35.65,36.25,35.8,35.2,35.05
2020/6/30,"3,973,024","143,673,361",36.45,37.15,35.9,35.9,-0.3,"2,056",36.2125,37.4625,36.525,35.275,34.9625
2020/6/29,"11,066,051","401,885,347",37.4,37.4,36.2,36.2,-1.3,"2,217",36.5,37.7,36.8,35.6,35.3
2020/6/24,"14,488,415","544,606,259",37.45,37.95,37.35,37.5,0,"2,816",37.575,38.175,37.8,37.2,36.975
2020/6/23,"16,569,387","627,307,570",39.05,39.15,37.4,37.5,-1.55,"3,685",37.8875,39.6375,38.375,36.625,36.1375
2020/6/22,"14,170,503","555,715,422",39.25,39.6,38.9,39.05,-0.45,"3,930",39.15,39.85,39.4,38.7,38.45
2020/6/19,"15,409,112","603,585,532",38.8,39.5,38.05,39.5,0.85,"2,724",39.1375,40.5875,40.225,38.775,37.6875
2020/6/18,"7,401,501","283,622,578",37.85,38.8,37.6,38.65,0.9,"3,008",38.425,39.625,39.25,38.05,37.225
2020/6/17,"7,565,134","280,104,228",35.9,37.9,35.9,37.75,1.95,"2,992",37.325,39.325,38.75,36.75,35.325
2020/6/16,"4,099,470","146,214,193",35.9,35.9,35.3,35.8,0.75,"2,226",35.7,36.3,36.1,35.5,35.1
2020/6/15,"4,924,019","175,070,253",36.4,36.4,34.9,35.05,-0.95,"3,109",35.35,36.85,35.8,34.3,33.85
2020/6/12,"5,256,592","189,373,262",35.6,36.8,35.6,36,-0.8,"2,498",36.1,37.3,36.6,35.4,34.9
2020/6/11,"5,909,192","218,341,489",37.3,37.5,36.25,36.8,-0.35,"2,903",36.8375,38.0875,37.425,36.175,35.5875
2020/6/10,"7,411,399","276,120,213",37.7,38,36.9,37.15,-0.1,"4,346",37.3,38.4,37.7,36.6,36.2
2020/6/9,"10,493,345","385,717,925",36.35,37.4,35.9,37.25,0.9,"5,541",36.95,38.45,38,36.5,35.45
2020/6/8,"14,568,807","525,379,938",34.3,36.35,34.3,36.35,3.3,"5,749",35.8375,37.8875,37.375,35.325,33.7875
2020/6/5,"1,610,066","53,360,378",33,33.3,32.85,33.05,-0.05,998,33.0625,33.5125,33.275,32.825,32.6125
2020/6/4,"2,802,635","92,284,515",32.95,33.1,32.5,33.1,0.3,"1,439",32.95,33.55,33.4,32.8,32.35
2020/6/3,"2,365,546","76,958,202",32.3,32.95,32.25,32.8,0.85,"1,446",32.7,33.4,33.15,32.45,32
2020/6/2,"3,224,375","102,930,125",32,32.05,31.75,31.95,0.05,678,31.925,32.225,32.1,31.8,31.625
2020/6/1,"3,343,586","106,578,915",31.35,32.05,31.35,31.9,0.8,782,31.8,32.5,32.25,31.55,31.1
2020/5/29,"3,383,552","105,867,579",31.8,31.8,31.1,31.1,-0.55,"1,694",31.275,31.975,31.45,30.75,30.575
2020/5/28,"6,747,260","216,379,637",32.6,32.6,31.65,31.65,X0.00,"2,816",31.8875,32.8375,32.125,31.175,30.9375
2020/5/27,"8,786,052","299,019,312",34,34.2,33.85,34.1,0.25,"1,878",34.0625,34.4125,34.275,33.925,33.7125
2020/5/26,"2,342,350","78,909,135",33.3,33.9,33.3,33.85,0.6,991,33.725,34.325,34.15,33.55,33.125
2020/5/25,"1,777,087","58,653,814",32.7,33.25,32.6,33.25,0.7,720,33.0875,33.7375,33.575,32.925,32.4375
2020/5/22,"1,536,906","50,239,914",32.9,33,32.55,32.55,-0.35,816,32.6625,33.1125,32.775,32.325,32.2125
2020/5/21,"1,541,093","50,797,450",32.95,33.1,32.8,32.9,0,698,32.925,33.225,33.05,32.75,32.625
2020/5/20,"1,195,997","39,481,144",33,33.15,32.9,32.9,-0.05,757,32.9625,33.2125,33.025,32.775,32.7125
2020/5/19,"2,181,672","71,855,236",32.8,33,32.8,32.95,0.35,"1,067",32.925,33.125,33.05,32.85,32.725
2020/5/18,"1,627,417","53,108,605",32.15,32.85,32.15,32.6,0.5,825,32.55,33.25,32.95,32.25,31.85
2020/5/15,"1,922,050","62,021,130",32.7,32.7,31.95,32.1,-0.25,"1,038",32.2125,32.9625,32.475,31.725,31.4625
2020/5/14,"1,593,490","51,770,771",32.65,32.65,32.05,32.35,-0.3,652,32.35,32.95,32.65,32.05,31.75
2020/5/13,"1,444,919","46,988,523",32.35,32.8,32.1,32.65,0.55,860,32.55,33.25,33,32.3,31.85
2020/5/12,"1,494,850","48,119,219",32.6,32.6,32,32.1,-0.5,793,32.2,32.8,32.4,31.8,31.6
2020/5/11,"1,977,650","64,467,427",32.25,32.8,32.25,32.6,0.7,868,32.5625,33.1125,32.875,32.325,32.0125
2020/5/8,"1,099,600","35,203,850",32.1,32.2,31.8,31.9,0.1,571,31.95,32.35,32.1,31.7,31.55
2020/5/7,"1,000,355","31,729,053",31.3,31.95,31.3,31.8,0.7,606,31.7125,32.3625,32.125,31.475,31.0625
2020/5/6,"1,483,962","46,337,213",31.45,31.5,30.9,31.1,-0.2,755,31.15,31.75,31.4,30.8,30.55
2020/5/5,"972,415","30,344,785",31.05,31.35,31,31.3,0.4,489,31.2375,31.5875,31.475,31.125,30.8875
2020/5/4,"2,358,957","73,061,130",31.5,31.5,30.7,30.9,-1.05,"1,149",31,31.8,31.3,30.5,30.2
2020/4/30,"2,757,576","88,321,782",31.35,32.4,31.25,31.95,0.85,"1,209",31.8875,33.0375,32.525,31.375,30.7375
2020/4/29,"2,055,130","63,978,529",30.65,31.4,30.65,31.1,0.7,942,31.0625,31.8125,31.475,30.725,30.3125
2020/4/28,"829,915","25,242,006",30.5,30.8,30.2,30.4,-0.1,423,30.45,31.05,30.7,30.1,29.85
2020/4/27,"1,824,185","55,278,490",29.8,30.65,29.75,30.5,0.75,671,30.35,31.25,30.95,30.05,29.45
2020/4/24,"1,536,254","45,643,616",29.8,29.8,29.35,29.75,0.2,334,29.6625,30.1125,29.975,29.525,29.2125
2020/4/23,"1,084,068","32,064,513",29.65,29.9,29.35,29.55,-0.05,409,29.5875,30.1375,29.825,29.275,29.0375
2020/4/22,"792,400","23,190,489",28.9,29.8,28.6,29.6,0.45,521,29.4,30.6,30.2,29,28.2
2020/4/21,"2,865,201","85,008,728",30.4,30.4,29.1,29.15,-1.4,"1,585",29.45,30.75,29.8,28.5,28.15
2020/4/20,"929,578","28,290,635",30.6,30.6,30.3,30.55,-0.05,537,30.5,30.8,30.7,30.4,30.2
2020/4/17,"2,384,700","73,025,200",30.4,31.1,30.2,30.6,0.75,"1,189",30.625,31.525,31.05,30.15,29.725
2020/4/16,"1,145,181","34,280,130",30.05,30.15,29.75,29.85,-0.55,748,29.9,30.3,30.05,29.65,29.5
2020/4/15,"1,394,484","42,528,960",30.5,30.7,30.3,30.4,0.1,767,30.45,30.85,30.6,30.2,30.05
2020/4/14,"1,128,129","34,001,856",29.8,30.35,29.8,30.3,0.6,587,30.1875,30.7375,30.575,30.025,29.6375
2020/4/13,"1,011,264","30,212,344",30,30.05,29.7,29.7,-0.55,562,29.7875,30.1375,29.875,29.525,29.4375
2020/4/10,"1,128,063","33,967,663",29.75,30.25,29.75,30.25,0.5,509,30.125,30.625,30.5,30,29.625
2020/4/9,"2,272,746","67,675,080",29.8,30.1,29.55,29.75,0.35,"1,070",29.7875,30.3375,30.025,29.475,29.2375
2020/4/8,"1,591,307","46,833,404",29.1,29.6,29.1,29.4,0.05,973,29.375,29.875,29.65,29.15,28.875
2020/4/7,"4,837,640","141,525,420",28.6,29.7,28.55,29.35,0.9,"2,542",29.2375,30.3875,29.925,28.775,28.0875
2020/4/6,"2,183,159","61,627,162",28.8,28.8,27.8,28.45,0.05,"1,594",28.375,29.375,28.95,27.95,27.375
2020/4/1,"1,099,291","31,210,575",28.35,28.75,28.15,28.4,0.05,774,28.425,29.025,28.7,28.1,27.825
2020/3/31,"3,734,897","105,388,713",28.4,28.55,27.95,28.35,0.4,"1,107",28.3,28.9,28.65,28.05,27.7
2020/3/30,"2,361,062","66,433,101",28,28.45,27.8,27.95,-0.75,"1,266",28.0375,28.6875,28.275,27.625,27.3875
2020/3/27,"4,092,305","119,185,785",29,29.65,28.65,28.7,0.1,"1,590",28.925,29.925,29.2,28.2,27.925
2020/3/26,"2,600,351","74,035,520",28.75,28.85,27.85,28.6,-0.15,"1,489",28.475,29.475,29.1,28.1,27.475
2020/3/25,"5,028,742","144,861,840",29,29.4,28.4,28.75,0.55,"1,998",28.825,29.825,29.25,28.25,27.825
2020/3/24,"3,997,706","111,301,698",26.4,28.4,26.4,28.2,2.1,"1,820",27.8,29.8,29.2,27.2,25.8
2020/3/23,"3,298,213","85,307,700",25.85,26.5,25.25,26.1,-0.9,"1,267",25.9875,27.2375,26.725,25.475,24.7375
2020/3/20,"5,021,634","134,781,492",26.4,27.5,26.25,27,1.35,"2,187",26.9375,28.1875,27.625,26.375,25.6875
2020/3/19,"10,468,767","274,257,285",27.6,27.7,25.65,25.65,-2.8,"3,796",26.1625,28.2125,26.675,24.625,24.1125
2020/3/18,"8,522,632","245,587,381",29.2,29.45,28.3,28.45,-0.75,"3,281",28.6625,29.8125,29.025,27.875,27.5125
2020/3/17,"5,883,542","171,582,607",28.8,29.9,28.5,29.2,0.1,"2,261",29.2,30.6,29.9,28.5,27.8
2020/3/16,"7,679,983","230,284,696",30.9,30.9,29.1,29.1,-2.85,"3,318",29.55,31.35,30,28.2,27.75
2020/3/13,"8,054,750","248,900,068",31.1,32.4,30.45,31.95,-1.85,"2,913",31.6875,33.6375,32.925,30.975,29.7375
2020/3/12,"6,173,418","210,863,450",35.85,35.85,33.45,33.8,-2.35,"2,417",34.225,36.625,35,32.6,31.825
2020/3/11,"1,721,538","62,448,793",36.65,36.7,35.8,36.15,-0.5,893,36.2,37.1,36.6,35.7,35.3
2020/3/10,"3,271,359","119,404,432",35.55,37.15,35.55,36.65,0.4,"1,282",36.5,38.1,37.45,35.85,34.9
2020/3/9,"3,974,181","144,825,119",36.9,37,35.85,36.25,-1.15,"1,929",36.3375,37.4875,36.825,35.675,35.1875
2020/3/6,"2,623,796","97,561,283",37.15,37.65,36.75,37.4,-0.05,903,37.3,38.2,37.85,36.95,36.4
2020/3/5,"2,006,019","75,190,000",37.15,37.8,37.1,37.45,0.3,809,37.45,38.15,37.8,37.1,36.75
2020/3/4,"3,095,006","115,068,366",36.45,37.7,36.45,37.15,0.65,"1,572",37.1125,38.3625,37.775,36.525,35.8625
2020/3/3,"2,254,816","82,011,877",36.15,36.75,36.1,36.5,0.55,"1,015",36.4625,37.1125,36.825,36.175,35.8125
2020/3/2,"4,438,739","160,425,554",36.25,36.65,35.9,35.95,-0.8,"2,112",36.1125,36.8625,36.325,35.575,35.3625
2020/2/27,"2,127,691","78,409,570",37.3,37.3,36.4,36.75,-0.55,950,36.8,37.7,37.2,36.3,35.9
2020/2/26,"1,367,841","50,890,967",37.05,37.55,36.95,37.3,-0.05,629,37.275,37.875,37.6,37,36.675
2020/2/25,"2,181,561","80,850,199",36.75,37.5,36.75,37.35,-0.1,"1,146",37.2375,37.9875,37.725,36.975,36.4875
2020/2/24,"2,421,328","90,742,486",37.8,37.8,37,37.45,-0.55,"1,344",37.425,38.225,37.85,37.05,36.625
2020/2/21,"4,633,369","173,940,922",37,38,36.85,38,0.95,"1,889",37.7125,38.8625,38.575,37.425,36.5625
2020/2/20,"4,747,559","175,009,933",36.15,37.2,36.1,37.05,1.05,"1,879",36.85,37.95,37.6,36.5,35.75
2020/2/19,"2,899,764","104,061,311",35.9,36.2,35.55,36,0,"1,080",35.9375,36.5875,36.325,35.675,35.2875
2020/2/18,"827,156","29,753,587",36,36.1,35.85,36,0,410,35.9875,36.2375,36.125,35.875,35.7375
2020/2/17,"1,482,278","53,291,408",35.65,36.3,35.65,36,0.3,506,35.9875,36.6375,36.325,35.675,35.3375
2020/2/14,"791,564","28,215,303",35.7,35.8,35.55,35.7,0,385,35.6875,35.9375,35.825,35.575,35.4375
2020/2/13,"1,227,248","43,898,837",35.95,36.15,35.6,35.7,-0.3,620,35.7875,36.3375,35.975,35.425,35.2375
2020/2/12,"1,460,473","52,595,241",35.95,36.15,35.75,36,0.15,672,35.975,36.375,36.2,35.8,35.575
2020/2/11,"2,180,361","77,728,030",35,35.9,35,35.85,0.95,891,35.65,36.55,36.3,35.4,34.75
2020/2/10,"1,931,408","67,489,637",34.5,35.15,34.5,34.9,-0.1,791,34.8625,35.5125,35.225,34.575,34.2125
2020/2/7,"1,079,864","37,780,840",35.25,35.25,34.8,35,-0.3,568,35.0125,35.4625,35.225,34.775,34.5625
2020/2/6,"1,971,413","68,897,775",34.25,35.4,34.25,35.3,1.2,791,35.0625,36.2125,35.875,34.725,33.9125
2020/2/5,"1,951,269","66,497,911",34.15,34.4,33.8,34.1,0.1,853,34.1,34.7,34.4,33.8,33.5
2020/2/4,"1,682,401","57,047,720",33.7,34.1,33.6,34,0.5,962,33.925,34.425,34.25,33.75,33.425
2020/2/3,"2,616,280","87,591,710",33.6,33.7,33.1,33.5,-0.8,931,33.45,34.05,33.8,33.2,32.85
2020/1/31,"2,279,233","78,074,298",34.25,34.6,34.05,34.3,0.1,586,34.3125,34.8625,34.575,34.025,33.7625
2020/1/30,"4,037,328","139,019,263",34.45,34.8,33.9,34.2,-1.35,"1,324",34.275,35.175,34.65,33.75,33.375
2020/1/20,"2,401,661","85,388,676",35.15,35.8,35.15,35.55,0.55,"1,066",35.5125,36.1625,35.875,35.225,34.8625
2020/1/17,"593,010","20,670,936",34.8,35,34.7,35,0.25,458,34.925,35.225,35.15,34.85,34.625
2020/1/16,"822,001","28,627,565",35,35,34.7,34.75,-0.15,445,34.8,35.1,34.9,34.6,34.5
2020/1/15,"752,478","26,107,924",34.85,34.9,34.6,34.9,0.2,626,34.825,35.125,35.05,34.75,34.525
2020/1/14,"1,082,334","37,613,420",35.05,35.05,34.65,34.7,-0.15,706,34.775,35.175,34.9,34.5,34.375
2020/1/13,"1,193,121","41,581,311",34.75,35.2,34.65,34.85,0.25,656,34.8875,35.4375,35.125,34.575,34.3375
2020/1/10,"959,719","33,229,285",34.65,34.8,34.5,34.6,0.15,612,34.625,34.925,34.75,34.45,34.325
2020/1/9,"1,642,644","56,881,109",35.05,35.05,34.45,34.45,-0.25,857,34.6,35.2,34.75,34.15,34
2020/1/8,"3,065,729","106,956,333",35.2,35.2,34.6,34.7,-0.9,"1,495",34.8,35.4,35,34.4,34.2
2020/1/7,"7,451,342","264,994,670",34.8,36.3,34.65,35.6,0.95,"3,130",35.5375,37.1875,36.425,34.775,33.8875
2020/1/6,"4,364,179","150,184,436",34.1,34.7,34,34.65,0.6,"1,673",34.5,35.2,35,34.3,33.8
2020/1/3,"2,311,894","78,147,890",33.65,34.1,33.3,34.05,0.4,990,33.875,34.675,34.45,33.65,33.075
2020/1/2,"1,989,986","66,484,524",33.5,33.65,33.25,33.65,0.15,849,33.55,33.95,33.85,33.45,33.15
